{"data":{"file":{"childMarkdownRemark":{"frontmatter":{"title":"Trusted by 500+ Clients","description":"We provide English editing, manuscript editing & proofreading, manuscript formatting, plagiarism check, and publication support to authors, students, publishers, universities, startups and corporate. Here is a list of few selected customers","clients":[{"id":1,"title":"English Editing and Proofreading Service in India","image":{"childImageSharp":{"fluid":{"src":"/static/9e23756507f72fa7d8288ec753f02b73/846f4/english_editing_proofreading_services.png"}}}},{"id":2,"title":"Scientific Manauscript Editing Service in India","image":{"childImageSharp":{"fluid":{"src":"/static/9a0ca030b42fb5760ec47d937e0ee4cd/ce165/scientific_editing_services.png"}}}},{"id":3,"title":"Manuscript Editing Service","image":{"childImageSharp":{"fluid":{"src":"/static/89e09b561218dc635cf2c8ff9b5fc874/ce8f3/manuscript_editing_services.png"}}}},{"id":4,"title":"Document editing services in India","image":{"childImageSharp":{"fluid":{"src":"/static/0f835881975d57843d22a27d35655039/e2da4/document_proofreading_service.png"}}}}]}}}}}