{"data":{"allMarkdownRemark":{"edges":[{"node":{"id":"387318f5-f3ec-5f1b-97ba-184b5db4675a","fields":{"slug":"/blog/proofreading-services-in-india-why-they-are-the-best-choice/"},"frontmatter":{"title":"Proofreading Services in India. Why they are the best choice?","previewImage":{"childImageSharp":{"fluid":{"src":"/static/cd2509b0679616b8a56552e6350b929b/14b42/proofreading_text.jpg"}}}}}},{"node":{"id":"863b3822-0ba5-5f0a-950a-efa89f2e900e","fields":{"slug":"/blog/contentconcepts-top-rated-academic-editing-and-proofreading-services/"},"frontmatter":{"title":"ContentConcepts: Top-Rated Academic Editing and Proofreading Services","previewImage":{"childImageSharp":{"fluid":{"src":"/static/6883a83cbb8354f4e6e9f65b95314e71/ee604/top_rated.png"}}}}}},{"node":{"id":"edf98274-01a7-52c2-bfc6-5db5c81cb766","fields":{"slug":"/blog/how-to-write-a-cover-letter-for-manuscript-submission-to-journals/"},"frontmatter":{"title":"How to write a cover letter for manuscript submission to journals?","previewImage":{"childImageSharp":{"fluid":{"src":"/static/adcfa912d2d44478cd93639e6a9ba071/14b42/cover-letter-clip-art.jpg"}}}}}}]}}}