{"data":{"file":{"childMarkdownRemark":{"frontmatter":{"title":"English Editing Services","services":[{"id":1,"title":"Editing & Proofreading","description":"Our PhD editors and English language specialists have worked on tons of manuscripts and know exactly what to do with your content. Hence you get a well polished content for publication.","image":{"publicURL":"/static/99f6fda3dd96bf71171b540821c9cab8/development.svg"},"link":"/services/academic_editing"},{"id":2,"title":"Thesis Editing & Formatting","description":"We offer end-to-end support in PhD thesis editing, formatting, dissertation editing, and plagiarism check. If you do not have a lot of time and want to finish theis quickly, talk to us.","image":{"publicURL":"/static/0250182bf20155681c43e763bfc2b4a9/editing.svg"},"link":"services/academic_editing/thesis_editing"},{"id":3,"title":"Plagiarism Check","description":"Get a detailed plagiarism report, indicating what percentage matches to the other sources. Our plagiarism correction experts can improve the paper and help you fix the writing.","image":{"publicURL":"/static/eb4ede96e2069de11042d260e887a40d/consulting.svg"},"link":"/services/plagiarism_correction"}]}}}}}