{"data":{"file":{"childMarkdownRemark":{"frontmatter":{"title":"Manuscript Editing Process","process":[{"id":1,"order":"01","title":"Submit Manuscript","description":"Customer submits manuscript via our Request for quote page.","themeColor":"#98ECA6"},{"id":2,"order":"02","title":"Receive Quote","description":"After receiving the manuscript, ContentConcepts sends price quote.","themeColor":"#F5DA7D"},{"id":3,"order":"03","title":"Confirm Order","description":"After payment is made by the customer, ContentConcepts sends confirmation of payment.","themeColor":"#98E5E0"},{"id":4,"order":"04","title":"Edit & Return","description":"CC assigns the right editor who edits and sends the edited document back to the customer.","themeColor":"#FFABAB"}]}}}}}