{"data":{"file":{"childMarkdownRemark":{"frontmatter":{"title":"International Editing & Proofreading Services for","typedWords":["Manuscript @ ₹1.3/word","Thesis @ ₹1.3/word","Authors @ ₹1.3/word","Essay @ $₹1.3/word","Website @ ₹1.3/word"],"services":[{"id":1,"title":"Manuscript Editing","link":"services/academic_editing/manuscript_editing"},{"id":2,"title":"Free Certificate","link":"blog/free-english-editing-certificate/"},{"id":3,"title":"Plagiarism Correction","link":"services/plagiarism_correction"}]}}}}}