{"data":{"file":{"childMarkdownRemark":{"frontmatter":{"sitemapList":[{"id":1,"title":"About Us","link":null,"sitemap":[{"id":1,"link":"/about/","title":"Our Editors"},{"id":2,"link":"/pricing/","title":"Pricing"},{"id":3,"link":"/contact/","title":"Contact"},{"id":4,"link":"/sitemap/","title":"Sitemap"}]},{"id":2,"title":"Academic Editing","link":"/services/academic_editing","sitemap":[{"id":1,"link":"/services/academic_editing/manuscript_editing","title":"Manuscript Editing"},{"id":2,"link":"/services/academic_editing/thesis_editing","title":"Thesis Editing"},{"id":3,"link":"/services/academic_editing/scientific_manuscript_editing","title":"Scientific Manuscript Editing"},{"id":4,"link":"/services/academic_editing/essay_editing","title":"Essay Editing"},{"id":5,"link":"/services/academic_editing/letter_editing","title":"Letter Editing"},{"id":6,"link":"/services/academic_editing/english_editing","title":"English Editing"},{"id":7,"link":"/services/academic_editing/book_editing","title":"Book Editing"},{"id":8,"link":"/services/academic_editing/proofreading_service","title":"Proofreading Service"}]},{"id":3,"title":"Plagiarism Check","link":"/services/plagiarism_correction","sitemap":[{"id":1,"link":"/services/plagiarism_check/similarity_check","title":"Manuscript Similarity Check"},{"id":2,"link":"/services/plagiarism_check/plagiarism_editing","title":"Plagiarism Editing"}]},{"id":4,"title":"Business Editing","link":"/services/business_editing","sitemap":[{"id":1,"link":"/services/business_editing/business_proposal","title":"Business Proposal"},{"id":2,"link":"/services/business_editing/marketing_communications_editing","title":"Marketing Communications"},{"id":3,"link":"/services/business_editing/company_profile","title":"Company Profile"},{"id":4,"link":"/services/business_editing/document_formatting","title":"Document Formatting"},{"id":5,"link":"/services/business_editing/website_copy_editing","title":"Website Copy Editing"},{"id":6,"link":"/services/business_editing/blogpost_editing","title":"Blog Editing"},{"id":7,"link":"/services/business_editing/presentations","title":"Presentations"},{"id":8,"link":"/services/business_editing/english_editing_india","title":"English Editing & Proofreading"}]},{"id":5,"title":"Publication Support","link":"/services/publication_support","sitemap":[{"id":1,"link":"/services/publication_support/journal_selection","title":"Journal Selection"},{"id":2,"link":"/services/publication_support/journal_submission","title":"Journal Submission"},{"id":3,"link":"/services/publication_support/presubmission_review","title":"Pre-submission Review"},{"id":4,"link":"/services/publication_support/manuscript_resubmission","title":"Manuscript Re-submission"},{"id":5,"link":"/services/publication_support/illustration_artwork","title":"Illustration & Artwork"},{"id":6,"link":"/services/publication_support/manuscript_rewriting","title":"Manuscript Rewriting"},{"id":7,"link":"/services/publication_support/manuscript_formatting","title":"Manuscript Formatting"}]}]}}}}}