{"data":{"file":{"childMarkdownRemark":{"frontmatter":{"title":"Manuscript editing, proofreading services by native English Editors","description":"English editing and proofreading services. Free editing sample, starts INR 1.3 per word ($0.020)","keywords":["english editing","language editing","editing manuscripts","editing service","manuscript editor","editing a manuscript","manuscript editing","manuscript edit","manuscript editing services free online english language editing service","english language editing service india","manuscript editing services","cheap english editing services"]}}}}}