{"data":{"site":{"siteMetadata":{"title":"English Editing and Proofreading Services in India","description":"English Editing and proofreading services in India. Truly affordable and top-quality services for manuscript authors and publishers.","keywords":["english editing","editing english","editing manuscripts","editing service","manuscript editor","editing a manuscript","manuscript editing","manuscript edit","manuscript editing services free online english language editing service","english language editing service india","manuscript editing services","cheap english editing services"]}}}}