{"data":{"file":{"childMarkdownRemark":{"frontmatter":{"title":" <span>Why choose our manuscript editing service?</span>","description":"We are PhD editors. We understand the hard work behind every manuscript. We offer top-quality editing & proofreading services at affordable rates.","badge":{"publicURL":"/static/e79414abb0dbf57e2bfa2b070134ade6/quality_badge.svg"},"specialities":[{"id":1,"title":"Quality","description":"We ensure top-notch quality manuscript editing. Your documents are edited by native-English editors with tons of experience.","themeColor":"rgba(52, 152, 219, 0.7)"},{"id":2,"title":"Affordable","description":"Our manuscript editing fee is the most affordable in this industry for the service by native English and PhD editors.","themeColor":"rgba(26, 188, 156, 0.7)"},{"id":3,"title":"Security","description":"We take security of your manuscript seriously. Our website is encrypted for document, data and payment transactions.","themeColor":"rgba(155, 89, 182, 0.7)"}]}}}}}