{"data":{"file":{"childMarkdownRemark":{"frontmatter":{"title":"Manuscript Editing Services. Truly Affordable. From $0.020"},"html":"<p>Looking for top-quality yet affordable <a href=\"https://contentconcepts.in/services/academic_editing/manuscript_editing\">manuscript editing services</a>? You have reached the right place. ContentConcepts has been providing academic editing services for more than 25 years. </p>\n<h3>3 reasons why we are one of the top English language editing services.</h3>\n<br>\n<ol>\n<li><a href=\"https://contentconcepts.in/about/\">Native English editors and PhD editors</a> with subject knowledge work on your manuscripts. So we get repeat customers. </li>\n<li>Our standard in <a href=\"https://contentconcepts.in/services/academic_editing/english_editing\">English editing</a> is set very high - we have zero tolerance for quality issues. Check our <a href=\"https://contentconcepts.in/services/academic_editing/english_editing#editingSample\">English editing sample</a></li>\n<li>We offer the best price for our English editing and <a href=\"https://contentconcepts.in/services/academic_editing/proofreading_service\">proofreading services.</a> Our rates are low but our quality is high. We have one of the best <a href=\"https://contentconcepts.in/pricing/\">English editing price</a></li>\n</ol>\n<br>\n<p>📌 Check our <a href=\"https://contentconcepts.in/services/academic_editing/english_editing/#editingProcess\">English Editing process</a></p>\n<br> \n<p>Our <a href=\"https://contentconcepts.in/about/\">English manuscript editors</a> specialise in editing manuscripts written by authors whose first language is not English. Get the right word, right sentence structure and convey your research findings effectively.</p>\n<br>\n<p>Starting from simple proofreading to substantive editing, you can choose the level of editing that suits your budget or what your manuscript requires. If you need, help check <a href=\"https://contentconcepts.in/blog/manuscript-editing-services-for-research-papers-proofreading-copy-editing-substantive-editing-which-editing-level-should-i-select/\">How to select the editing level for my </a>document</p>\n<br>\n<p><strong>Here is a list of our English Editing services:</strong></p>\n<ul>\n<li><a href=\"https://contentconcepts.in/services/academic_editing/manuscript_editing\">Manuscript Editing</a></li>\n<li><a href=\"https://contentconcepts.in/services/academic_editing/thesis_editing\">Thesis Editing</a></li>\n<li><a href=\"https://contentconcepts.in/services/plagiarism_correction\">Plagiarism Check</a></li>\n<li><a href=\"https://contentconcepts.in/services/publication_support/manuscript_rewriting\">Manuscript Rewriting</a></li>\n<li><a href=\"https://contentconcepts.in/services/academic_editing/proofreading_service\">Proofreading Service</a></li>\n<li><a href=\"https://contentconcepts.in/services/academic_editing/english_editing\">English language editing </a></li>\n<li><a href=\"https://contentconcepts.in/services/plagiarism_check/plagiarism_editing\">Plagiarism Editing</a></li>\n<li><a href=\"https://contentconcepts.in/services/business_editing/english_editing_india\">Business Document Editing</a></li>\n<li><a href=\"https://contentconcepts.in/services/business_editing/document_formatting\">Document Formatting</a></li>\n<li><a href=\"https://contentconcepts.in/services/publication_support/manuscript_formatting\">Thesis Formatting</a></li>\n</ul>"}}}}