{"data":{"file":{"childMarkdownRemark":{"frontmatter":{"features":[{"id":1,"title":"Native-English & PhD Editors","image":{"publicURL":"/static/e03e95677491017bcd34174a371063ef/editors.svg"}},{"id":2,"title":"₹1.3 ($0.020)/word","image":{"publicURL":"/static/982a9d3cc82c745db3247f2f6c178538/affordable.svg"}},{"id":3,"title":"Editing Certificate","image":{"publicURL":"/static/0dcf309afac79f86ba5ef0c70b0ebfe5/editing_certificate.svg"}},{"id":4,"title":"Secure & Confidential","image":{"publicURL":"/static/986c9badf33de61d02c66152899c0424/confidential.svg"}}]}}}}}