{"polyfill":["/polyfill-c1afa1fd19f1819deb2d.js"],"app":["/app-1d03bbf8b265d4da1756.js"],"component---src-components-blog-index-js":["/component---src-components-blog-index-js-a633c7bade61e2581be8.js"],"component---src-components-editing-services-index-js":["/component---src-components-editing-services-index-js-bafec6523b5b581be07e.js"],"component---src-pages-404-js":["/component---src-pages-404-js-b3d54977ca5ff275b4f2.js"],"component---src-pages-about-js":["/component---src-pages-about-js-8d4de63c95616020d906.js"],"component---src-pages-blog-js":["/component---src-pages-blog-js-cfd14fc5fdd6e35d6366.js"],"component---src-pages-contact-js":["/component---src-pages-contact-js-09be81376db6db1bd8f6.js"],"component---src-pages-index-js":["/component---src-pages-index-js-16405acb34da15f3b1f4.js"],"component---src-pages-payment-js":["/component---src-pages-payment-js-2647386635a830af322f.js"],"component---src-pages-pricing-js":["/component---src-pages-pricing-js-3444abd9b20f1cdeed95.js"],"component---src-pages-sitemap-js":["/component---src-pages-sitemap-js-20b8c25301fbe6cadad5.js"]}